{"Adele": ["https://www.youtube.com/watch?v=Ri7-vnrJD3k", "https://www.youtube.com/watch?v=rYEDA3JcQqw", "https://www.youtube.com/watch?v=hLQl3WQQoQ0", "https://www.youtube.com/watch?v=DeumyOzKqgI", "https://www.youtube.com/watch?v=dx7sLNyIeQk"], "Lightning": ["https://www.youtube.com/watch?v=Sf9NSd_2avA", "https://www.youtube.com/watch?v=6LCNm-GALN0", "https://www.youtube.com/watch?v=wt3D2fpZ8Rw", "https://www.youtube.com/watch?v=RGqJ0pp92h0", "https://www.youtube.com/watch?v=XmOZC0a4IVg", "https://www.youtube.com/watch?v=XuwK6vn6lBA"], "Akinci": ["https://www.youtube.com/watch?v=kzYA34zDmTs", "https://www.youtube.com/watch?v=Ey_hgKCCYU4", "https://www.youtube.com/watch?v=a59gmGkq_pw", "https://www.youtube.com/watch?v=SMs0GnYze34", "https://www.youtube.com/watch?v=gdx7gN1UyX0", "https://www.youtube.com/watch?v=a52Ul2AM92c", "https://www.youtube.com/watch?v=Nf-FLiO4p3c", "https://www.youtube.com/watch?v=y2ak_oBeC-I", "https://www.youtube.com/watch?v=17Hk9ODBLXI", "https://www.youtube.com/watch?v=qaZ0oAh4evU", "https://www.youtube.com/watch?v=1YRW1QRKTBc", "https://www.youtube.com/watch?v=09V0rl5g-tw"], "2Cellos": ["https://www.youtube.com/watch?v=uT3SBzmDxGk", "https://www.youtube.com/watch?v=N-YuSKeFMxY", "https://www.youtube.com/watch?v=qfGggAGITwg", "https://www.youtube.com/watch?v=Mx0xCI1jaUM", "https://www.youtube.com/watch?v=-FcmuOW1qt8"], "WEEB2": ["https://www.youtube.com/watch?v=_vjd0-dDLuY", "https://www.youtube.com/watch?v=5wFDWP5JwSM", "https://www.youtube.com/watch?v=D5xUSgx25EQ"], "MJackson": ["https://www.youtube.com/watch?v=Zi_XLOBDo_Y", "https://www.youtube.com/watch?v=CBrWNbjw3RA", "https://www.youtube.com/watch?v=T2PAkPp0_bY", "https://www.youtube.com/watch?v=xIx_HbmRnQY", "https://www.youtube.com/watch?v=4ru6XlZKZDg"], "Maroon": ["https://www.youtube.com/watch?v=09R8_2nJtjg", "https://www.youtube.com/watch?v=iEPTlhBmwRg", "https://www.youtube.com/watch?v=qpgTC9MDx1o", "https://www.youtube.com/watch?v=NmugSMBh_iI", "https://www.youtube.com/watch?v=KRaWnd3LJfs"], "Cala": ["https://www.youtube.com/watch?v=AkA_dCLpm1M", "https://www.youtube.com/watch?v=4Am6iIqPXHY", "https://www.youtube.com/watch?v=eg3F4zpOdK8", "https://www.youtube.com/watch?v=pXRviuL6vMY", "https://www.youtube.com/watch?v=XgJFqVvb2Ws", "https://www.youtube.com/watch?v=YO-XGWSvZB0", "https://www.youtube.com/watch?v=u3VFzuUiTGw", "https://www.youtube.com/watch?v=OsTTacH0jx0", "https://www.youtube.com/watch?v=w8KQmps-Sog", "https://www.youtube.com/watch?v=R8OOWcsFj0U", "https://www.youtube.com/watch?v=lzk58JedcDU", "https://www.youtube.com/watch?v=yzTuBuRdAyA", "https://www.youtube.com/watch?v=xe_iCkFsQKE", "https://www.youtube.com/watch?v=_IaiUY3E1VY", "https://www.youtube.com/watch?v=gnhXHvRoUd0", "https://www.youtube.com/watch?v=3Kq_6XG2CTM", "https://www.youtube.com/watch?v=PAzH-YAlFYc", "https://www.youtube.com/watch?v=kOkQ4T5WO9E", "https://www.youtube.com/watch?v=jDXQN-gnLRo", "https://www.youtube.com/watch?v=yV4klOClPVc", "https://www.youtube.com/watch?v=9BFE3ikUmyk"], "Dragons": ["https://www.youtube.com/watch?v=ktvTqknDobU", "https://www.youtube.com/watch?v=mWRsgZuwf_8", "https://www.youtube.com/watch?v=sENM2wA_FTg", "https://www.youtube.com/watch?v=w5tWYmIOWGk"], "ACDC": ["https://www.youtube.com/watch?v=v2AC41dglnM", "https://www.youtube.com/watch?v=gEPmA3USJdI", "https://www.youtube.com/watch?v=pAgnJDJN4VA", "https://www.youtube.com/watch?v=etAIpkdhU9Q", "https://www.youtube.com/watch?v=LdRxXID_b28"], "Bringer": ["https://www.youtube.com/watch?v=Zp7h9o8OCFY"], "GAGA": ["https://www.youtube.com/watch?v=qrO4YZeyl0I", "https://www.youtube.com/watch?v=bESGLojNYSo", "https://www.youtube.com/watch?v=rQOmZ3UhEXc"], "WEEB": ["https://www.youtube.com/watch?v=kuNixp-wvWM", "https://www.youtube.com/watch?v=kuNixp-wvWM", "https://www.youtube.com/watch?v=kuNixp-wvWM", "https://www.youtube.com/watch?v=kuNixp-wvWM"], "Katy": ["https://www.youtube.com/watch?v=QGJuMBdaqIw", "https://www.youtube.com/watch?v=F9S-88WxPdE", "https://www.youtube.com/watch?v=Fxm35gENdqQ"], "nicky": ["https://www.youtube.com/watch?v=LDZX4ooRsWs", "https://www.youtube.com/watch?v=SeIJmciN8mo"], "SteinsGate": ["https://www.youtube.com/watch?v=a-SR26Kuvi8", "https://www.youtube.com/watch?v=yWBqHMIrpoU", "https://www.youtube.com/watch?v=zh3-MjqrIFE", "https://www.youtube.com/watch?v=VE51Xz9XD1I", "https://www.youtube.com/watch?v=duENJRAwmvQ", "https://www.youtube.com/watch?v=-lkH-uMZVY4", "https://www.youtube.com/watch?v=GgJYUds6oAI", "https://www.youtube.com/watch?v=5rYI2eG3DuQ", "https://www.youtube.com/watch?v=ZBLk_NKc_H8", "https://www.youtube.com/watch?v=jn5X2PCxVBU", "https://www.youtube.com/watch?v=Rca7DLNpSzE", "https://www.youtube.com/watch?v=q0hdTbqMICw", "https://www.youtube.com/watch?v=2ZgZvg6am1I"], "Blunt": ["https://www.youtube.com/watch?v=oofSnsGkops", "https://www.youtube.com/watch?v=wVyggTKDcOE", "https://www.youtube.com/watch?v=uWeqeQkjLto"], "Train": ["https://www.youtube.com/watch?v=kVpv8-5XWOI", "https://www.youtube.com/watch?v=oxqnFJ3lp5k", "https://www.youtube.com/watch?v=7Xf-Lesrkuc"], "AnimeOpenings": ["https://www.youtube.com/watch?v=SBQprWeOx8g", "https://www.youtube.com/watch?v=UNjHxhljAck", "https://www.youtube.com/watch?v=lRJC0xNJHhA", "https://www.youtube.com/watch?v=CaksNlNniis", "https://www.youtube.com/watch?v=UmPC6w_869U", "https://www.youtube.com/watch?v=5QvnYt7H-L4", "https://www.youtube.com/watch?v=k8eokj5MlEE", "https://www.youtube.com/watch?v=m76lKsM_jaU", "https://www.youtube.com/watch?v=iKB51sCZoCE", "https://www.youtube.com/watch?v=Eewtawmdl78", "https://www.youtube.com/watch?v=_4lNiafQ-Pk", "https://www.youtube.com/watch?v=xOkc55wu8m8", "https://www.youtube.com/watch?v=7814WeR0Xzo", "https://www.youtube.com/watch?v=SiSNYiH-lVM"], "Coldplay": ["https://www.youtube.com/watch?v=QtXby3twMmI", "https://www.youtube.com/watch?v=VPRjCeoBqrI", "https://www.youtube.com/watch?v=fyMhvkC3A84", "https://www.youtube.com/watch?v=dvgZkm1xWPE", "https://www.youtube.com/watch?v=k4V3Mo61fJM"], "AIDS": [], "Sheeran": ["https://www.youtube.com/watch?v=lp-EO5I60KA", "https://www.youtube.com/watch?v=FOjdXSrtUxA", "https://www.youtube.com/watch?v=nSDgHBxUbVQ", "https://www.youtube.com/watch?v=c4BLVznuWnU", "https://www.youtube.com/watch?v=2fngvQS_PmQ", "https://www.youtube.com/watch?v=UAWcs5H-qgQ"], "test": ["https://www.youtube.com/watch?v=a-UbR0HMCYY"], "Old": ["https://www.youtube.com/watch?v=lHje9w7Ev4U", "https://www.youtube.com/watch?v=Soa3gO7tL-c", "https://www.youtube.com/watch?v=Ee_uujKuJMI", "https://www.youtube.com/watch?v=uAsV5-Hv-7U", "https://www.youtube.com/watch?v=-Du-CWASm20", "https://www.youtube.com/watch?v=RaG8faaFUMM", "https://www.youtube.com/watch?v=TG8Ect3Xn7w", "https://www.youtube.com/watch?v=feeHTm-dYGg", "https://www.youtube.com/watch?v=T3phscjgc_A"], "Amagi": ["https://www.youtube.com/watch?v=P4Weq5rsiJw"], "Perri": ["https://www.youtube.com/watch?v=rtOvBOTyX00", "https://www.youtube.com/watch?v=8v_4O44sfjM"], "GnR": ["https://www.youtube.com/watch?v=hklMn0YDvUU", "https://www.youtube.com/watch?v=aDLrrwWxejM", "https://www.youtube.com/watch?v=s_45YMjnIIk", "https://www.youtube.com/watch?v=As_Yk5sW0Pw", "https://www.youtube.com/watch?v=xw6bbTxbTds"], "FUN": ["https://www.youtube.com/watch?v=q7yCLn-O-Y0", "https://www.youtube.com/watch?v=Sv6dMFF_yts", "https://www.youtube.com/watch?v=qQkBeOisNM0"], "Kimi": ["https://www.youtube.com/watch?v=iKB51sCZoCE", "https://www.youtube.com/watch?v=nj53ZVATT4w", "https://www.youtube.com/watch?v=Cga8-Mrjf-E", "https://www.youtube.com/watch?v=VzBLUBczhXA"], "Animenz": ["https://www.youtube.com/watch?v=Pi8xsZXibIc", "https://www.youtube.com/watch?v=JRQbVNzmCK0", "https://www.youtube.com/watch?v=P4Weq5rsiJw"]}